id,created_at,updated_at,title,problem_statement,proposed_solution,category,location,current_manual_process,digitization_opportunity,frequency,data_sources,integration_points,ai_capabilities_needed,automation_potential,agent_type,human_in_loop,estimated_cost,roi_time_saved_hours,roi_cost_saved_eur,submitter_name,submitter_email,submitter_phone,submitter_type,submitter_skills,ai_feasibility_score,ai_analysis,ai_category_suggested,ai_cost_estimate,ai_impact_score,analysis_completed_at,matched_diaspora,matching_score,matched_at,status,featured,priority,workshop_session,submitted_via,admin_notes,rejected_reason,qualification_tier,alignment,visible,full_document
0584fc17-182b-43d3-a93e-61ce1091f9aa,2025-11-24 23:51:29.725232,2025-11-24 23:51:29.725232,AI Tax Filing Assistant - Assistant de Déclaration Fiscale,La préparation fiscale est confuse et coûteuse. Erreurs fréquentes et peur de mal faire.,"IA qui guide les individus et PME à travers la déclaration, détecte les déductions, et réduit les erreurs. Coaching fiscal personnalisé.",finance,other,"Préparation manuelle, confusion sur les déductions, peur des erreurs, coûts élevés.",GPT pour Q&A fiscal + APIs gouvernementales fiscales + couches de conformité automatiques.,,,,,,,true,,,,AI Startup Research,research@fikravalley.com,,entrepreneur,,,,,,,,,,,submitted,true,,,web,,,,"{""sdgTags"": [], ""sdgAutoTagged"": false, ""sdgConfidence"": {}, ""moroccoPriorities"": []}",true,
05d6b327-08b4-445c-b8b4-6917669fef7c,2025-11-24 23:39:37.959766,2025-11-24 23:39:37.959766,AI Meeting Assistant - Transcription et Suivi Automatique,Les professionnels perdent des heures à prendre des notes pendant les réunions et à faire le suivi des actions. Les réunions Zoom/Teams génèrent beaucoup de contenu mais peu de valeur actionnable.,"Un assistant IA qui rejoint les appels, enregistre, transcrit, résume automatiquement et génère des listes de tâches. Intégration avec Slack/Notion pour créer automatiquement des tickets et rappels.",tech,other,"Les participants prennent des notes manuellement, oublient des détails, et doivent faire le suivi manuellement après la réunion.","Utilisation de l'API OpenAI pour transcription + résumé, SDK Zoom/Teams pour intégration, et APIs Slack/Notion pour automatisation des actions.",,,,,,,true,,,,AI Startup Research,research@fikravalley.com,,entrepreneur,,,,,,,,,,,submitted,true,,,web,,,,"{""sdgTags"": [], ""sdgAutoTagged"": false, ""sdgConfidence"": {}, ""moroccoPriorities"": []}",true,
06744c74-9f04-4e5e-b47c-fae7e85ea44a,2025-11-24 23:51:29.725232,2025-11-24 23:51:29.725232,Personalized Treatment Advisor - Plans de Traitement Personnalisés,"Les plans de traitement sont souvent génériques, pas spécifiques au patient. Pas de combinaison optimale d'historique médical, données génétiques, et guidelines.","IA qui combine historique médical, données génétiques, et guidelines pour suggérer des chemins de traitement personnalisés. Aide les médecins à prendre des décisions éclairées.",health,other,"Plans de traitement standardisés, pas de personnalisation basée sur données génétiques, décisions basées sur expérience seule.",LLMs + intégrations EHR + bases de données génomiques pour recommandations personnalisées.,,,,,,,true,,,,AI Startup Research,research@fikravalley.com,,entrepreneur,,,,,,,,,,,submitted,true,,,web,,,,"{""sdgTags"": [], ""sdgAutoTagged"": false, ""sdgConfidence"": {}, ""moroccoPriorities"": []}",true,
09808865-1509-483e-8a28-8f58012aa041,2025-11-24 23:39:37.959766,2025-11-24 23:39:37.959766,AI Radiology Assistant - Dépistage Préliminaire d'Images Médicales,"Les radiologues font face à des charges de travail élevées pour interpréter les radiographies, scanners CT, IRM. Les cas urgents peuvent être retardés.","IA qui pré-examine les images, signale les anomalies, et priorise les cas urgents. Aide le radiologue à se concentrer sur les cas complexes.",health,other,"Examen manuel de toutes les images, pas de priorisation automatique, risque de manquer des anomalies subtiles.",Computer vision CNNs + parsing DICOM + intégration PACS hospitalier pour workflow automatisé.,,,,,,,true,,,,AI Startup Research,research@fikravalley.com,,entrepreneur,,,,,,,,,,,submitted,true,,,web,,,,"{""sdgTags"": [], ""sdgAutoTagged"": false, ""sdgConfidence"": {}, ""moroccoPriorities"": []}",true,
0ba1057f-5e6d-4e8f-bd92-b45cf81cd636,2025-11-24 23:51:29.725232,2025-11-24 23:51:29.725232,AI Symptom Checker - Diagnostic Préliminaire Intelligent,"Les patients se diagnostiquent mal sur Google, créant de l'anxiété et des consultations inutiles. Pas d'outil fiable pour évaluer les symptômes avant de consulter.",Chatbot IA qui évalue les symptômes et fournit des conditions possibles avec conseils de triage. Escalade vers télémédecine si nécessaire.,health,other,"Recherche Google non fiable, auto-diagnostic erroné, consultations inutiles ou retardées.",Medical LLMs fine-tunés + app mobile sécurisée + hosting HIPAA-compliant + intégrations télémédecine.,,,,,,,true,,,,AI Startup Research,research@fikravalley.com,,entrepreneur,,,,,,,,,,,submitted,true,,,web,,,,"{""sdgTags"": [], ""sdgAutoTagged"": false, ""sdgConfidence"": {}, ""moroccoPriorities"": []}",true,
11111111-1111-1111-1111-111111111111,2025-11-02 03:16:15.715033,2025-11-17 03:16:15.715033,Traceur RFID pour Matériel Hospitalier Mobile,"Les infirmières du CHU Ibn Sina à Rabat perdent en moyenne 4 heures par équipe de 8 heures à chercher du matériel médical mobile (défibrillateurs, pompes à perfusion, moniteurs de signes vitaux, chariots d'urgence). Chaque infirmière effectue environ 6-8 recherches par shift. Sur un service de 30 infirmières, cela représente 180-240 recherches par jour. Le système actuel utilise un cahier papier où l'équipement est supposé être enregistré lorsqu'il change de service, mais 50% des mouvements ne sont pas enregistrés. Quand il y a une urgence, personne ne prend le temps d'écrire. L'équipement se déplace entre les 8 étages sans traçabilité. Les patients attendent pendant que les infirmières cherchent. Le stress et la frustration montent. 450 infirmières et médecins du CHU sont directement affectés, et 2,500 patients par jour reçoivent des soins plus lents.","Un système de localisation en temps réel du matériel médical mobile utilisant la technologie RFID (Radio-Frequency Identification) avec interface web/mobile simple. Chaque équipement reçoit un tag RFID passif (autocollant, 2×3 cm). Des lecteurs RFID sont installés à des points stratégiques (8 par étage). Quand équipement passe près d'un lecteur, position enregistrée automatiquement. Infirmière ouvre app mobile ou web, cherche équipement par nom/type, voit emplacement exact: ""Étage 3, Chambre 302, il y a 4 minutes"", va directement récupérer l'équipement. Tags RFID ne nécessitent pas de batterie (vs GPS actif coûteux). Aucune action manuelle requise (vs scan manuel). Interface familière style ""Find My iPhone"" pour équipement. 50 DH par équipement (vs 500 DH systèmes GPS). Développé localement, maintenance locale, données au Maroc.",health,rabat,"1. Besoin d'équipement (2 min) - Infirmière identifie le besoin médical, va au poste de soins. 2. Consultation du cahier (5 min) - Cherche dans le cahier papier, informations souvent périmées ou illisibles, 60% du temps l'information est incorrecte. 3. Appels téléphoniques (10 min) - Appelle 3-4 services différents, souvent personne ne répond (occupé avec patients), information contradictoire entre services. 4. Recherche physique (30 min) - Monte/descend les escaliers entre étages, vérifie chambres, couloirs, salles de soins, demande à d'autres collègues. 5. Résolution ou abandon (15 min) - Trouve l'équipement (40% des cas), utilise équipement de secours moins adapté (30%), retarde le soin en attendant disponibilité (20%), transfère patient à autre service (10%). Temps total moyen: 62 minutes par recherche. Coût: 27,900 DH/jour en temps perdu, 6,975,000 DH/an. Matériel ""perdu"" temporairement: 12 équipements en moyenne (valeur 180,000 DH immobilisée). Retards de soins: Impact sur satisfaction patients (score 6.2/10).","Temps économisé: Avant 62 minutes par recherche, Après 2 minutes (scan QR + voir emplacement), Réduction 97% (60 minutes économisées), Impact: 180 recherches × 60 min = 10,800 min/jour = 180 heures/jour récupérées. Coût économisé: Avant 27,900 DH/jour en temps perdu, Après 1,200 DH/jour (coût système: maintenance + support), Économie: 26,700 DH/jour = 6,675,000 DH/an, ROI: Système payé en 2.3 jours. Qualité des soins améliorée: Temps de réponse aux urgences: -30 minutes (moyenne), Satisfaction patients: 6.2/10 → 8.7/10 (objectif), Stress infirmières: Réduction de 65% (mesuré par enquête), Taux de disponibilité équipement: 45% → 95%. Optimisation matériel: Taux d'utilisation équipement: +40%, Besoin d'achat nouveau matériel: -30%, Durée de vie matériel: +20% (meilleure traçabilité → meilleure maintenance).",multiple_daily,"[""RFID readers"",""Mobile app"",""Web dashboard"",""Equipment database""]","[""Hospital WiFi network"",""Existing server infrastructure""]","[""Real-time location tracking"",""Pattern analysis"",""Predictive equipment placement""]",,,true,10K+,180.0,600000.0,Ahmed Benali,ahmed.benali@example.com,212612345678,entrepreneur,"[""RFID technology"",""Healthcare systems"",""IoT"",""Project management""]",,,,,,,,,,analyzed,true,,,web,,,exceptional,"{""sdgTags"": [3, 9], ""sdgAutoTagged"": true, ""sdgConfidence"": {""3"": 0.95, ""9"": 0.90}, ""moroccoPriorities"": [""digital_morocco"", ""health_system""]}",true,
131e5bd8-d0ef-412c-bdf7-30651bbf4fa2,2025-11-24 23:51:29.725232,2025-11-24 23:51:29.725232,AI-Powered Genomic Analysis - Analyse de Risques de Santé,Les données de séquençage génomique sont vastes et complexes à interpréter. Les patients reçoivent des données brutes sans insights actionnables.,IA qui interprète les données génomiques brutes pour identifier les risques de santé et actions préventives. Rapports personnalisés pour patients et médecins.,health,other,"Analyse manuelle par experts, coûteuse et longue, pas accessible aux patients.",Modèles ML génomiques + pipelines bioinformatiques cloud + rapports direct-to-consumer.,,,,,,,true,,,,AI Startup Research,research@fikravalley.com,,entrepreneur,,,,,,,,,,,submitted,false,,,web,,,,"{""sdgTags"": [], ""sdgAutoTagged"": false, ""sdgConfidence"": {}, ""moroccoPriorities"": []}",true,
1b03a0db-662c-4d4e-8175-ed019f6a3978,2025-11-24 04:00:17.697822,2025-11-24 04:00:17.697822,Low tourist return rate,"Morocco receives 20m visitors but they don't return after their first visits incurring opportunity to sustain and predict economical tourism output compared to France, Spain and Portugal who has 20% return rate.",,other,other,,,,,,,,,true,,,,Tourism entrepreneur,test@example.com,+212612345678,entrepreneur,,,,,,,,,,,submitted,false,,,workshop_conversation,,,,"{""sdgTags"": [], ""sdgAutoTagged"": false, ""sdgConfidence"": {}, ""moroccoPriorities"": []}",true,
1d64f85d-5e7b-49fe-89b1-7b40ea2a90e7,2025-11-24 23:51:29.725232,2025-11-24 23:51:29.725232,AI Contract Review Platform - Révision Automatique de Contrats,Les contrats légaux/financiers prennent du temps à réviser. Identification manuelle des termes clés et risques.,"IA qui extrait les termes clés, signale les risques, et suggère des modifications. Révision de contrats en minutes au lieu d'heures.",finance,other,"Révision manuelle ligne par ligne, identification manuelle des risques, négociation manuelle.",LLM fine-tuné sur textes légaux/financiers + parseurs Doc/PDF + génération de suggestions.,,,,,,,true,,,,AI Startup Research,research@fikravalley.com,,entrepreneur,,,,,,,,,,,submitted,false,,,web,,,,"{""sdgTags"": [], ""sdgAutoTagged"": false, ""sdgConfidence"": {}, ""moroccoPriorities"": []}",true,
1d6719f0-7036-4740-9a0c-9433ca18a001,2025-11-24 23:51:29.725232,2025-11-24 23:51:29.725232,Virtual Mental Health Therapist - Thérapie CBT par IA,"Pénurie de thérapeutes abordables. Les patients attendent des mois pour un rendez-vous, et les coûts sont élevés.","Chatbot IA de TCC (thérapie cognitive comportementale) qui guide les utilisateurs à travers des exercices, escalade vers un thérapeute humain si nécessaire.",health,other,"Attente longue pour rendez-vous, coûts élevés, pas d'accès 24/7.",GPT-based conversation engine + contenu santé mentale + conformité HIPAA + intégrations assurance.,,,,,,,true,,,,AI Startup Research,research@fikravalley.com,,entrepreneur,,,,,,,,,,,submitted,false,,,web,,,,"{""sdgTags"": [], ""sdgAutoTagged"": false, ""sdgConfidence"": {}, ""moroccoPriorities"": []}",true,
22222222-2222-2222-2222-222222222222,2025-11-05 03:21:30.724178,2025-11-17 03:21:30.724178,Plateforme Darija pour Cours en Ligne - Lycée Marocain,"Les lycéens marocains (16-18 ans) en zones rurales et semi-urbaines qui n'ont pas accès à des cours de soutien de qualité en sciences (maths, physique, SVT). 78% des lycéens ruraux n'ont jamais eu de cours particulier (vs 45% en zones urbaines). Période critique: 9 mois avant le Baccalauréat. Solution actuelle: Cours en classe uniquement (45 élèves par classe en moyenne), YouTube en français/anglais (incompréhensible pour beaucoup), Cahiers de révision achetés (statiques, pas d'explications), Demander aide à famille (souvent non qualifiée). Pourquoi ça ne marche pas: Classes surchargées (prof ne peut pas aider individuellement), YouTube étranger (Explications en français académique ou arabe classique, pas Darija), Cahiers (Pas d'interactivité, questions sans réponses), Famille (Niveau d'éducation insuffisant - 68% parents niveau primaire), Coût cours particuliers (200-300 DH/h impossible pour familles rurales). 280,000 lycéens ruraux au Maroc sont directement affectés. Taux réussite Bac: 62% rural vs 78% urbain.","Une plateforme web/mobile de cours de soutien vidéo INTÉGRALEMENT EN DARIJA pour matières scientifiques du lycée marocain (programme officiel). Élève s'inscrit (smartphone ou ordinateur), choisit niveau (1ère Bac, 2ème Bac) et filière (Sciences Maths, SVT, PC), accède bibliothèque de 500+ vidéos courtes (5-15 min). Chaque vidéo: Un concept expliqué en Darija par prof marocain. Exercices interactifs après chaque vidéo, quiz de validation, suivi progression personnalisé. 100% Darija (Première plateforme éducative complète en Darija marocaine), Programme marocain (Suit exact programme Ministère Éducation), Pédagogie locale (Exemples culturels: souk, football, famille marocaine), Prix accessible (50 DH/mois vs 200 DH/h cours particuliers), Offline (Téléchargement vidéos pour zones connexion limitée).",education,other,"Processus actuel (étudiant bloqué sur exercice): 1. Blocage sur exercice (instant) - Ne comprend pas concept en cours, Exercice de physique ou maths impossible à résoudre. 2. Recherche d'aide (30 minutes) - Demande à camarades (souvent aussi bloqués), Cherche sur YouTube en français (incompréhensible), Essaie de lire manuel (trop académique). 3. Frustration et abandon (variable) - 65% abandonnent l'exercice, 25% copient réponse sans comprendre, 10% trouvent aide (famille, ami brillant). 4. Accumulation de lacunes - Concepts non compris s'accumulent, Perte de confiance progressive, Stress avant examens, Échec potentiel au Bac. Temps total perdu: 2-3 heures/semaine en recherches infructueuses. Coût actuel: Échec Bac (Redoublement: coût famille + État: 12,000 DH/élève/an), Stress familial (Inestimable), Opportunités perdues (Élèves brillants ruraux n'atteignent pas potentiel), Inégalité éducative (Écart urbain-rural se creuse).","Temps apprentissage: Avant 30 min recherche + abandon frustré, Après 5 min vidéo Darija = compréhension, Gain 25 minutes + réduction frustration + concept maîtrisé. Coût éducation: Cours particuliers 200 DH/h × 4h/mois = 800 DH/mois, Notre plateforme 50 DH/mois (illimité), Économie 750 DH/mois = 9,000 DH/an par élève. Taux de réussite Bac: Actuel rural 62%, Objectif (avec plateforme) 72% (+10 points), Impact 28,000 élèves supplémentaires réussissent annuellement. Équité éducative: Réduction écart urbain-rural de 16 points à 8 points, Élèves ruraux talentueux identifiés et soutenus, Accès égal à éducation de qualité. Confiance et bien-être: Réduction stress avant examens, Augmentation confiance élèves, Réduction décrochage scolaire (objectif: -30%).",daily,"[""Video content library"",""Student progress data"",""Exercise submissions"",""Quiz results""]","[""Ministry of Education curriculum database"",""Payment gateways""]","[""Personalized learning paths"",""Difficulty assessment"",""Progress tracking""]",,,true,10K+,2.5,800.0,Fatima Alami,fatima.alami@example.com,212612345679,professional,"[""Education technology"",""Pedagogy"",""Video production"",""Darija language""]",,,,,,,,,,analyzed,false,,,web,,,qualified,"{""sdgTags"": [4, 10], ""sdgAutoTagged"": true, ""sdgConfidence"": {""4"": 0.95, ""10"": 0.88}, ""moroccoPriorities"": [""education_quality"", ""rural_development"", ""digital_morocco"", ""youth_employment""]}",true,
238f709f-cdf1-4aea-b3f3-302f5ec061d6,2025-11-24 23:39:37.959766,2025-11-24 23:39:37.959766,Voice-to-Action Assistant - Capture Vocale d'Idées en Déplacement,Les travailleurs de terrain et managers perdent des idées parce qu'ils ne peuvent pas les capturer en déplacement. Les notes vocales restent non structurées et non actionnables.,"Assistant vocal qui convertit les notes vocales en tâches, rappels, et suivis. Intégration calendrier/tâches pour créer automatiquement des actions à partir de la voix.",tech,other,"Notes vocales non structurées, transcription manuelle, création manuelle de tâches à partir des notes.","Speech-to-text (Whisper API) + GPT pour parsing de tâches + intégration calendrier/tâches (Google Calendar, Todoist, etc.).",,,,,,,true,,,,AI Startup Research,research@fikravalley.com,,entrepreneur,,,,,,,,,,,submitted,false,,,web,,,,"{""sdgTags"": [], ""sdgAutoTagged"": false, ""sdgConfidence"": {}, ""moroccoPriorities"": []}",true,
279cda08-4c45-4481-89d4-431d1aaa0ed9,2025-11-24 23:51:29.725232,2025-11-24 23:51:29.725232,AI Clinical Trial Optimizer - Matching Patients-Trials,"Recruter des patients pour les essais cliniques est lent et coûteux. Matching manuel basé sur critères d'éligibilité, beaucoup de temps perdu.","IA qui match les patients avec les essais basé sur EHRs, démographie, et critères d'éligibilité. Accélère le recrutement de 5x.",health,other,"Recherche manuelle de patients éligibles, matching basé sur règles simples, beaucoup de faux positifs.",NLP pour critères d'essais + ML pour matching patients + pipeline de données HIPAA-compliant.,,,,,,,true,,,,AI Startup Research,research@fikravalley.com,,entrepreneur,,,,,,,,,,,submitted,false,,,web,,,,"{""sdgTags"": [], ""sdgAutoTagged"": false, ""sdgConfidence"": {}, ""moroccoPriorities"": []}",true,
2e049f89-abcb-400b-91e5-66b114b3a6e6,2025-11-24 23:51:29.725232,2025-11-24 23:51:29.725232,AI Parent Dashboard - Tableau de Bord Parent IA,Les parents n'ont pas d'insight en temps réel sur la progression d'apprentissage de leurs enfants. Pas de visibilité sur forces/faiblesses.,"Dashboard IA qui résume la performance, met en évidence forces/faiblesses, et suggère des ressources. Visibilité complète pour les parents.",education,other,"Rapports ponctuels, pas de visibilité en temps réel, communication limitée avec enseignants.",GPT pour résumé + intégration LMS étudiant + app mobile parent + recommandations personnalisées.,,,,,,,true,,,,AI Startup Research,research@fikravalley.com,,entrepreneur,,,,,,,,,,,submitted,false,,,web,,,,"{""sdgTags"": [], ""sdgAutoTagged"": false, ""sdgConfidence"": {}, ""moroccoPriorities"": []}",true,
2e388a6e-ca79-49ea-9424-cb0e173760f2,2025-11-24 23:39:37.959766,2025-11-24 23:39:37.959766,Virtual Mental Health Therapist - Thérapie CBT par IA,"Pénurie de thérapeutes abordables. Les patients attendent des mois pour un rendez-vous, et les coûts sont élevés.","Chatbot IA de TCC (thérapie cognitive comportementale) qui guide les utilisateurs à travers des exercices, escalade vers un thérapeute humain si nécessaire.",health,other,"Attente longue pour rendez-vous, coûts élevés, pas d'accès 24/7.",GPT-based conversation engine + contenu santé mentale + conformité HIPAA + intégrations assurance.,,,,,,,true,,,,AI Startup Research,research@fikravalley.com,,entrepreneur,,,,,,,,,,,submitted,false,,,web,,,,"{""sdgTags"": [], ""sdgAutoTagged"": false, ""sdgConfidence"": {}, ""moroccoPriorities"": []}",true,
33333333-3333-3333-3333-333333333333,2025-11-07 03:22:43.073035,2025-11-17 03:22:43.073035,Réseau Agriculteurs-Restaurants Directs - Circuit Court Fès-Meknès,"Deux groupes affectés: 1. Petits agriculteurs (5-15 hectares) région Saïs (Fès-Meknès) qui cultivent légumes frais. 2. Restaurants locaux (50-200 couverts/jour) à Fès et Meknès. Fréquence: Quotidienne. Agriculteurs cherchent acheteurs chaque récolte. Restaurants achètent légumes 6 jours/semaine. Solution actuelle côté agriculteurs: Vendent au souk hebdomadaire (1× semaine), Passent par intermédiaires (3-4 niveaux), Acceptent prix imposé (pas de négociation). Solution actuelle côté restaurants: Achètent au marché de gros (Marché Central Fès), Qualité variable origine inconnue, Prix fluctuants (±40% selon jour). Pourquoi ça ne marche pas: Agriculteurs perdent - Prix divisé par 4 (intermédiaires prennent 75%), Tomates vendues 2 DH/kg reçoivent 0.50 DH/kg, Invendus perdus (pas de chambre froide), Dépendance totale aux intermédiaires. Restaurants frustration - Qualité inconsistante (légumes pas frais), Prix instables (difficulté planification), Origine douteuse (traçabilité zéro), Gaspillage (30% legumes jetés). 1,200 petits agriculteurs région Saïs et 350 restaurants Fès-Meknès sont affectés.","Plateforme web/mobile qui connecte agriculteurs et restaurants pour vente directe avec livraison le jour même. Côté agriculteur (matinée): Ouvre app à 6h (après récolte), Photographie produits disponibles, Indique quantités + prix, Valide publication. Côté restaurant (matin): Consulte catalogue agriculteurs proches, Voit photos quantités prix profil agriculteur, Commande en 2 clics, Paiement sécurisé (facturation). Livraison (après-midi): Notre camionnette passe chez 5-10 agriculteurs (circuit), Collecte commandes, Livre aux 8-15 restaurants (circuit), Tout livré avant 18h (service du soir). Prix: Agriculteur vend 2.50 DH/kg (5× mieux qu'avant), Restaurant paie 3.00 DH/kg (25% moins cher qu'avant), Notre marge 0.50 DH/kg (commission). Circuit court (Récolte matin → livré après-midi), Traçabilité (Restaurant sait qui a cultivé), Gagnant-gagnant (Agriculteur + restaurant gagnent), Simple (App facile pour agriculteurs peu tech), Local (Fès-Meknès densité optimale).",agriculture,fes,"Chaîne actuelle (agriculteur → restaurant): 1. Agriculteur récolte (6h du matin) - 100 kg tomates fraîches. 2. Transport au souk (1h + 50 DH essence) - Vend à collecteur: 0.50 DH/kg, Reçoit: 50 DH (- 50 DH transport = 0 DH net!). 3. Collecteur → Grossiste (Fès) - Revend 1.20 DH/kg, Marge: 70 DH. 4. Grossiste → Demi-grossiste - Revend 2.50 DH/kg, Marge: 130 DH. 5. Demi-grossiste → Restaurant - Prix: 4.00 DH/kg, Marge: 150 DH. 6. Restaurant reçoit (lendemain matin) - Paie: 400 DH pour 100kg, Fraîcheur: 24-36h après récolte, Qualité: 30% déjà abîmés. Résultat absurde: Agriculteur 0 DH (perd argent!), Intermédiaires 350 DH (88%), Restaurant paie 400 DH pour légumes pas frais. Coût système actuel: Pour agriculteur (mensuel) - Revenu 1,500 DH/mois (5 tonnes × 0 DH net), Sous seuil pauvreté (2,500 DH), Endettement croissant. Pour restaurant (mensuel) - Achats légumes 25,000 DH, Gaspillage 30%: 7,500 DH jeté, Coût réel 32,500 DH.","Revenus agriculteurs: Avant 0-0.50 DH/kg (avec intermédiaires), Après 2.50 DH/kg (vente directe), Augmentation +400% (2.00 DH/kg supplémentaires), Impact 5 tonnes/mois = +10,000 DH/mois par agriculteur. Coût restaurants: Avant 4.00 DH/kg + 30% gaspillage = 5.20 DH/kg effectif, Après 3.00 DH/kg + 10% gaspillage = 3.30 DH/kg effectif, Économie 37% (-1.90 DH/kg), Impact 5 tonnes/mois = -9,500 DH/mois. Qualité fraîcheur: Avant 24-36h après récolte, Après 6-12h après récolte (livraison jour même), Gaspillage 30% → 10%, Satisfaction clients +45% (enquête prévue). Impact environnemental: Transport réduit 200 km → 30 km (circuit court), Émissions CO2 -85%, Pesticides Traçabilité → Réduction progressive, Emballages Caisses réutilisables vs plastique. Équité & développement: Revenus agriculteurs × 5, Fixation population rurale (jeunes restent), Restaurants Image ""produits locaux"" (marketing), Création emplois logistique. ROI: Agriculteur +10,000 DH/mois, Restaurant -9,500 DH/mois, Total valeur créée 19,500 DH/mois par binôme, Annuel 234,000 DH.",daily,"[""Farmer product listings"",""Restaurant orders"",""Delivery routes"",""Payment transactions""]","[""Mobile payment systems"",""Mapping services""]","[""Route optimization"",""Demand forecasting"",""Price optimization""]",,,true,10K+,0.0,21000.0,Hassan Tazi,hassan.tazi@example.com,212612345680,entrepreneur,"[""Agriculture"",""Logistics"",""E-commerce"",""Supply chain""]",,,,,,,,,,analyzed,false,,,web,,,qualified,"{""sdgTags"": [2, 12, 8], ""sdgAutoTagged"": true, ""sdgConfidence"": {""2"": 0.90, ""8"": 0.85, ""12"": 0.88}, ""moroccoPriorities"": [""rural_development"", ""green_morocco"", ""youth_employment""]}",true,
3561d736-8be8-4e31-b3f0-a7e05e28d853,2025-11-24 23:39:37.959766,2025-11-24 23:39:37.959766,AI Sales Email Generator - Emails Personnalisés Automatiques,Les commerciaux perdent du temps à rédiger des emails de prospection et de relance. Chaque email doit être personnalisé mais le processus est répétitif et chronophage.,Outil IA qui rédige des emails personnalisés basés sur les données du prospect. Intégration LinkedIn/Gmail pour enrichir automatiquement les profils et générer des messages pertinents.,tech,other,"Recherche manuelle sur LinkedIn, rédaction manuelle d'emails personnalisés, suivi manuel des relances.","GPT fine-tuné pour le sales, intégrations LinkedIn/Gmail APIs, templates adaptatifs basés sur le profil du prospect.",,,,,,,true,,,,AI Startup Research,research@fikravalley.com,,entrepreneur,,,,,,,,,,,submitted,false,,,web,,,,"{""sdgTags"": [], ""sdgAutoTagged"": false, ""sdgConfidence"": {}, ""moroccoPriorities"": []}",true,
3a39be32-c847-4582-88e8-b390a2b5537e,2025-11-24 23:51:29.725232,2025-11-24 23:51:29.725232,Email Inbox Copilot - Gestion Intelligente des Emails,"Les boîtes de réception débordent et drainent la productivité. Les professionnels passent 2-3 heures par jour à trier et répondre aux emails, avec beaucoup de bruit et peu de signal.","IA qui priorise les emails, rédige des réponses, et route automatiquement vers les bons dossiers. Apprend des patterns de l'utilisateur pour améliorer la pertinence.",tech,other,"Tri manuel des emails, rédaction manuelle de réponses, organisation manuelle en dossiers.","NLP pour comprendre le contexte, génération de réponses personnalisées, classification automatique par priorité/urgence.",,,,,,,true,,,,AI Startup Research,research@fikravalley.com,,entrepreneur,,,,,,,,,,,submitted,false,,,web,,,,"{""sdgTags"": [], ""sdgAutoTagged"": false, ""sdgConfidence"": {}, ""moroccoPriorities"": []}",true,
3dd16b3e-7a64-4231-80a5-6c29e97af096,2025-11-24 03:51:41.744099,2025-11-24 03:51:41.744099,Low tourism return rate,"Morocco receives 20m visitors but they don't return after their first visits, missing opportunity to sustain and predict economical tourism output compared to France, Spain and Portugal who have 20% return rate.",,other,other,,,,,,,,,true,,,,Tourism entrepreneur,test@example.com,+212612345678,entrepreneur,,,,,,,,,,,submitted,false,,,workshop_conversation,,,,"{""sdgTags"": [], ""sdgAutoTagged"": false, ""sdgConfidence"": {}, ""moroccoPriorities"": []}",true,
486b8048-a7e0-486c-9837-06349237158a,2025-11-24 23:51:29.725232,2025-11-24 23:51:29.725232,Virtual AI Study Group - Groupe d'Étude Virtuel IA,Les étudiants à distance manquent de collaboration et discussions entre pairs. Pas d'interaction sociale pour l'apprentissage.,"Groupe d'étude IA qui simule questions de pairs, débats, et résolution de problèmes en groupe. Collaboration virtuelle immersive.",education,other,"Étude solitaire, pas de collaboration, manque d'interaction sociale.",Simulations multi-agents GPT + interfaces de chat + modèles de débat et discussion.,,,,,,,true,,,,AI Startup Research,research@fikravalley.com,,entrepreneur,,,,,,,,,,,submitted,false,,,web,,,,"{""sdgTags"": [], ""sdgAutoTagged"": false, ""sdgConfidence"": {}, ""moroccoPriorities"": []}",true,
4c231f2a-55b8-4f65-bd79-9ec0e4fa1a2e,2025-11-24 23:39:37.959766,2025-11-24 23:39:37.959766,Elder Care Companion Bot - Assistant Vocal pour Seniors,Les populations vieillissantes font face à la solitude et aux défis de gestion de santé. Pas d'assistance 24/7 pour rappels médicaments et compagnie.,"Assistant vocal IA qui rappelle les médicaments, surveille les patterns de santé, et fournit de la compagnie. Escalade vers soignants si nécessaire.",health,other,"Rappels manuels par famille, pas de monitoring continu, isolement social.",Voice assistant + intégrations santé + monitoring patterns + alertes automatiques aux soignants.,,,,,,,true,,,,AI Startup Research,research@fikravalley.com,,entrepreneur,,,,,,,,,,,submitted,false,,,web,,,,"{""sdgTags"": [], ""sdgAutoTagged"": false, ""sdgConfidence"": {}, ""moroccoPriorities"": []}",true,
52b3e32d-dd58-4bad-9828-3cf5df24abaa,2025-11-24 23:51:29.725232,2025-11-24 23:51:29.725232,AI STEM Lab Simulator - Simulateur de Laboratoire STEM IA,"Beaucoup d'écoles manquent de ressources pour les laboratoires en physique, chimie, biologie. Pas d'accès à des expériences pratiques.",Laboratoire virtuel alimenté par IA qui permet aux étudiants de simuler des expériences en sécurité en ligne. Expériences guidées et interactives.,education,other,"Laboratoires physiques coûteux, ressources limitées, pas d'accès pour tous.",Moteurs de simulation + GPT pour leçons guidées + VR/AR optionnel + physique réaliste.,,,,,,,true,,,,AI Startup Research,research@fikravalley.com,,entrepreneur,,,,,,,,,,,submitted,false,,,web,,,,"{""sdgTags"": [], ""sdgAutoTagged"": false, ""sdgConfidence"": {}, ""moroccoPriorities"": []}",true,
53ed4dda-5f1d-4541-a9fb-804458bccf41,2025-11-24 23:51:29.725232,2025-11-24 23:51:29.725232,AI Drug Discovery Platform - Accélération de la Découverte de Médicaments,Développer de nouveaux médicaments prend des années et coûte des milliards. Le screening de molécules est long et coûteux.,"IA qui screen les molécules, prédit les interactions, et réduit les candidats plus rapidement. Accélère la phase de découverte de 10x.",health,other,"Screening manuel de milliers de molécules, tests en laboratoire coûteux, processus itératif long.",Deep learning models + simulation moléculaire + cloud compute pour screening virtuel à grande échelle.,,,,,,,true,,,,AI Startup Research,research@fikravalley.com,,entrepreneur,,,,,,,,,,,submitted,false,,,web,,,,"{""sdgTags"": [], ""sdgAutoTagged"": false, ""sdgConfidence"": {}, ""moroccoPriorities"": []}",true,
56432c17-4715-4c6f-8cf8-064920b60197,2025-11-24 04:04:46.423283,2025-11-24 04:04:46.423283,School transportation struggles,Families struggle with school transportation in Rabat every day,,logistics,other,,,,,,,,,true,,,,Phone: +212612345678,,+212612345678,entrepreneur,,,,,,,,,,,submitted,false,,,workshop_conversation,,,,"{""sdgTags"": [], ""sdgAutoTagged"": false, ""sdgConfidence"": {}, ""moroccoPriorities"": []}",true,
57bfbd75-754f-4813-b8ec-a69f5ec43cfe,2025-11-24 23:51:29.725232,2025-11-24 23:51:29.725232,Automated AI Accountant for SMBs - Comptabilité Automatisée pour PME,Les petites entreprises ne peuvent pas se permettre un comptable à temps plein. La comptabilité manuelle est chronophage et sujette aux erreurs.,"IA qui catégorise les dépenses, réconcilie les comptes, et génère des rapports prêts pour les impôts. Automatisation complète de la comptabilité.",finance,other,"Comptabilité manuelle, catégorisation manuelle des dépenses, préparation fiscale manuelle.",OCR pour scan de reçus + GPT pour catégorisation + intégrations QuickBooks/Xero APIs.,,,,,,,true,,,,AI Startup Research,research@fikravalley.com,,entrepreneur,,,,,,,,,,,submitted,false,,,web,,,,"{""sdgTags"": [], ""sdgAutoTagged"": false, ""sdgConfidence"": {}, ""moroccoPriorities"": []}",true,
6268d96e-8deb-40d2-aa7e-a6b3871ce95e,2025-11-24 23:51:29.725232,2025-11-24 23:51:29.725232,AI-Powered Language Learning App - App d'Apprentissage de Langues IA,Les apps d'apprentissage de langues se concentrent sur le vocabulaire mais pas sur la vraie conversation. Pas de pratique conversationnelle réaliste.,Partenaire de conversation IA qui s'adapte au niveau de compétence et corrige la prononciation. Pratique conversationnelle immersive.,education,other,"Apprentissage basé sur vocabulaire seul, pas de pratique conversationnelle, pas de correction de prononciation.",GPT + speech-to-text (Whisper API) + text-to-speech models + évaluation de prononciation.,,,,,,,true,,,,AI Startup Research,research@fikravalley.com,,entrepreneur,,,,,,,,,,,submitted,false,,,web,,,,"{""sdgTags"": [], ""sdgAutoTagged"": false, ""sdgConfidence"": {}, ""moroccoPriorities"": []}",true,
67c57378-6695-495d-96bb-0efe20e194b6,2025-11-24 23:51:29.725232,2025-11-24 23:51:29.725232,AI Productivity Analytics Dashboard - Analyse des Inefficacités,"Les entreprises ne savent pas où les employés perdent le plus de temps. Pas de visibilité sur les patterns de workflow, réunions, et utilisation d'outils.","IA qui analyse les workflows, patterns de réunions, et utilisation d'outils pour suggérer des améliorations d'efficacité. Dashboard avec insights actionnables.",tech,other,"Pas de tracking centralisé, analyses manuelles ponctuelles, pas de recommandations automatiques.","ML-based analytics sur données de workflow, intégrations Google Workspace/Slack/Jira, modèles prédictifs pour identifier les bottlenecks.",,,,,,,true,,,,AI Startup Research,research@fikravalley.com,,entrepreneur,,,,,,,,,,,submitted,false,,,web,,,,"{""sdgTags"": [], ""sdgAutoTagged"": false, ""sdgConfidence"": {}, ""moroccoPriorities"": []}",true,
6fb5a41d-4f39-467d-8dcc-8e7dbd69146e,2025-11-24 03:54:08.876692,2025-11-24 03:54:08.876692,Low tourism return rate,"Morocco receives 20m visitors but they don't return after their first visits, missing opportunities for sustained tourism revenue compared to France, Spain and Portugal with 20% return rates.",,other,other,,,,,,,,,true,,,,Tourism entrepreneur,test@example.com,+212612345678,entrepreneur,,,,,,,,,,,submitted,false,,,workshop_conversation,,,,"{""sdgTags"": [], ""sdgAutoTagged"": false, ""sdgConfidence"": {}, ""moroccoPriorities"": []}",true,
777a209b-b495-44cc-ab5b-1d30a5b23911,2025-11-24 23:51:29.725232,2025-11-24 23:51:29.725232,Voice-to-Action Assistant - Capture Vocale d'Idées en Déplacement,Les travailleurs de terrain et managers perdent des idées parce qu'ils ne peuvent pas les capturer en déplacement. Les notes vocales restent non structurées et non actionnables.,"Assistant vocal qui convertit les notes vocales en tâches, rappels, et suivis. Intégration calendrier/tâches pour créer automatiquement des actions à partir de la voix.",tech,other,"Notes vocales non structurées, transcription manuelle, création manuelle de tâches à partir des notes.","Speech-to-text (Whisper API) + GPT pour parsing de tâches + intégration calendrier/tâches (Google Calendar, Todoist, etc.).",,,,,,,true,,,,AI Startup Research,research@fikravalley.com,,entrepreneur,,,,,,,,,,,submitted,false,,,web,,,,"{""sdgTags"": [], ""sdgAutoTagged"": false, ""sdgConfidence"": {}, ""moroccoPriorities"": []}",true,
7bd5f537-017e-4393-a096-632aaa203377,2025-11-24 23:39:37.959766,2025-11-24 23:39:37.959766,AI Productivity Analytics Dashboard - Analyse des Inefficacités,"Les entreprises ne savent pas où les employés perdent le plus de temps. Pas de visibilité sur les patterns de workflow, réunions, et utilisation d'outils.","IA qui analyse les workflows, patterns de réunions, et utilisation d'outils pour suggérer des améliorations d'efficacité. Dashboard avec insights actionnables.",tech,other,"Pas de tracking centralisé, analyses manuelles ponctuelles, pas de recommandations automatiques.","ML-based analytics sur données de workflow, intégrations Google Workspace/Slack/Jira, modèles prédictifs pour identifier les bottlenecks.",,,,,,,true,,,,AI Startup Research,research@fikravalley.com,,entrepreneur,,,,,,,,,,,submitted,false,,,web,,,,"{""sdgTags"": [], ""sdgAutoTagged"": false, ""sdgConfidence"": {}, ""moroccoPriorities"": []}",true,
7dd6acab-842e-468a-a77d-53e2699d9799,2025-11-24 23:51:29.725232,2025-11-24 23:51:29.725232,AI Career & Skills Coach - Coach de Carrière et Compétences IA,"Les étudiants et professionnels ont du mal à choisir le bon chemin de carrière. Pas de guidance basée sur compétences, intérêts, et tendances du marché.","IA qui analyse les compétences, intérêts, et tendances du marché du travail pour recommander des chemins d'apprentissage. Guidance de carrière personnalisée.",education,other,"Guidance manuelle limitée, pas d'analyse de marché, décisions basées sur intuition.",LLM + APIs de données du marché du travail + moteur de recommandation adaptatif.,,,,,,,true,,,,AI Startup Research,research@fikravalley.com,,entrepreneur,,,,,,,,,,,submitted,false,,,web,,,,"{""sdgTags"": [], ""sdgAutoTagged"": false, ""sdgConfidence"": {}, ""moroccoPriorities"": []}",true,
80b5ff5f-1849-4ff4-a63a-d79d813570bd,2025-11-24 23:51:29.725232,2025-11-24 23:51:29.725232,AI Loan Underwriting Assistant - Évaluation de Crédit Accélérée,Les approbations de prêts traditionnelles sont lentes et biaisées. Pas d'utilisation de données alternatives pour évaluer la solvabilité.,"IA qui évalue la solvabilité plus rapidement en utilisant des données alternatives (historique de transactions, comportement numérique). Réduit les biais et accélère les décisions.",finance,other,"Évaluation manuelle basée sur crédit score seul, processus long, biais humains.",Modèles ML prédictifs + outils d'explicabilité (XAI) + modules de conformité réglementaire.,,,,,,,true,,,,AI Startup Research,research@fikravalley.com,,entrepreneur,,,,,,,,,,,submitted,false,,,web,,,,"{""sdgTags"": [], ""sdgAutoTagged"": false, ""sdgConfidence"": {}, ""moroccoPriorities"": []}",true,
81d49811-731b-41c7-9d61-43df282e3663,2025-11-24 18:16:22.436292,2025-11-24 18:16:22.436292,Nettoyage des rues touristiques,"Il y a énormément de problèmes avec le nettoyage des rues et des poubelles, surtout dans les villes touristiques comme Fez.",Trouver une solution digitale qui motive les gens à participer volontairement au nettoyage en leur donnant quelque chose en échange.,infrastructure,other,,Trouver une solution digitale qui motive les gens à participer volontairement au nettoyage en leur donnant quelque chose en échange.,,,,,,,true,,,,Workshop Participant,,,entrepreneur,,,,,,,,,,,submitted,false,,,workshop_conversation,,,,"{""sdgTags"": [], ""sdgAutoTagged"": false, ""sdgConfidence"": {}, ""moroccoPriorities"": []}",true,
828b9be7-f668-47c3-86d6-fda47c21022f,2025-11-24 23:51:29.725232,2025-11-24 23:51:29.725232,AI Classroom Assistant for Teachers - Assistant de Classe pour Enseignants,Les enseignants passent des heures à noter et préparer du matériel. Pas d'automatisation des tâches répétitives.,"Outil IA qui génère automatiquement des quiz, plans de cours, et devoirs notés. Libère du temps pour l'enseignement.",education,other,"Préparation manuelle de matériel, notation manuelle, pas de réutilisation de contenu.","GPT + intégrations LMS (Canvas, Blackboard, Moodle) + génération de contenu adaptatif.",,,,,,,true,,,,AI Startup Research,research@fikravalley.com,,entrepreneur,,,,,,,,,,,submitted,false,,,web,,,,"{""sdgTags"": [], ""sdgAutoTagged"": false, ""sdgConfidence"": {}, ""moroccoPriorities"": []}",true,
835f6af7-6a31-4f54-894a-a61b20f34c7a,2025-11-24 23:51:29.725232,2025-11-24 23:51:29.725232,AI Risk & Compliance Monitor - Surveillance de Conformité Automatisée,Les entreprises financières font face à des exigences réglementaires strictes. Surveillance manuelle coûteuse et sujette aux erreurs.,"IA qui scanne les opérations, communications, et transactions pour détecter les problèmes de conformité. Alertes automatiques et audit trail complet.",finance,other,"Surveillance manuelle, audits ponctuels, risque de non-conformité, coûts élevés.",NLP pour textes de conformité + ML de détection d'anomalies + logging d'audit trail.,,,,,,,true,,,,AI Startup Research,research@fikravalley.com,,entrepreneur,,,,,,,,,,,submitted,false,,,web,,,,"{""sdgTags"": [], ""sdgAutoTagged"": false, ""sdgConfidence"": {}, ""moroccoPriorities"": []}",true,
8375ca09-6210-43d8-a9e3-dd1b88176404,2025-11-24 23:51:29.725232,2025-11-24 23:51:29.725232,AI Radiology Assistant - Dépistage Préliminaire d'Images Médicales,"Les radiologues font face à des charges de travail élevées pour interpréter les radiographies, scanners CT, IRM. Les cas urgents peuvent être retardés.","IA qui pré-examine les images, signale les anomalies, et priorise les cas urgents. Aide le radiologue à se concentrer sur les cas complexes.",health,other,"Examen manuel de toutes les images, pas de priorisation automatique, risque de manquer des anomalies subtiles.",Computer vision CNNs + parsing DICOM + intégration PACS hospitalier pour workflow automatisé.,,,,,,,true,,,,AI Startup Research,research@fikravalley.com,,entrepreneur,,,,,,,,,,,submitted,false,,,web,,,,"{""sdgTags"": [], ""sdgAutoTagged"": false, ""sdgConfidence"": {}, ""moroccoPriorities"": []}",true,
849ed4db-9e13-4f4e-8dfa-cfae7c6d9e61,2025-11-24 23:51:29.725232,2025-11-24 23:51:29.725232,Elder Care Companion Bot - Assistant Vocal pour Seniors,Les populations vieillissantes font face à la solitude et aux défis de gestion de santé. Pas d'assistance 24/7 pour rappels médicaments et compagnie.,"Assistant vocal IA qui rappelle les médicaments, surveille les patterns de santé, et fournit de la compagnie. Escalade vers soignants si nécessaire.",health,other,"Rappels manuels par famille, pas de monitoring continu, isolement social.",Voice assistant + intégrations santé + monitoring patterns + alertes automatiques aux soignants.,,,,,,,true,,,,AI Startup Research,research@fikravalley.com,,entrepreneur,,,,,,,,,,,submitted,false,,,web,,,,"{""sdgTags"": [], ""sdgAutoTagged"": false, ""sdgConfidence"": {}, ""moroccoPriorities"": []}",true,
90481a38-b957-4c92-acd2-a4bf7dccd572,2025-11-24 23:51:29.725232,2025-11-24 23:51:29.725232,Personalized AI Tutor - Tuteur IA Personnalisé,Les étudiants apprennent à des rythmes différents mais les classes avancent à une seule vitesse. Pas de personnalisation de l'enseignement.,"Tuteur IA qui adapte les explications, exemples, et niveaux de difficulté à chaque apprenant. Apprentissage adaptatif en temps réel.",education,other,"Enseignement uniforme pour tous, pas d'adaptation au rythme individuel, feedback limité.",GPT fine-tuné pour pédagogie + algorithmes d'apprentissage adaptatif + app mobile/web.,,,,,,,true,,,,AI Startup Research,research@fikravalley.com,,entrepreneur,,,,,,,,,,,submitted,false,,,web,,,,"{""sdgTags"": [], ""sdgAutoTagged"": false, ""sdgConfidence"": {}, ""moroccoPriorities"": []}",true,
92a9043c-e97a-40f8-bc49-8d68c578726f,2025-11-24 23:51:29.725232,2025-11-24 23:51:29.725232,AI for Insurance Claims - Détection de Fraude et Accélération,Les réclamations frauduleuses et la paperasse ralentissent les compagnies d'assurance. Processus manuel long et coûteux pour vérifier chaque réclamation.,"IA qui examine les réclamations, détecte les anomalies, et accélère les approbations. Réduit la fraude et améliore l'expérience client.",finance,other,"Examen manuel de chaque réclamation, détection de fraude basée sur règles, processus lent.",NLP pour analyse de réclamations + modèles ML de détection d'anomalies + intégrations APIs assureurs.,,,,,,,true,,,,AI Startup Research,research@fikravalley.com,,entrepreneur,,,,,,,,,,,submitted,false,,,web,,,,"{""sdgTags"": [], ""sdgAutoTagged"": false, ""sdgConfidence"": {}, ""moroccoPriorities"": []}",true,
a05c6a93-5917-4179-8654-6ba789d144dc,2025-11-24 23:39:37.959766,2025-11-24 23:39:37.959766,AI Clinical Trial Optimizer - Matching Patients-Trials,"Recruter des patients pour les essais cliniques est lent et coûteux. Matching manuel basé sur critères d'éligibilité, beaucoup de temps perdu.","IA qui match les patients avec les essais basé sur EHRs, démographie, et critères d'éligibilité. Accélère le recrutement de 5x.",health,other,"Recherche manuelle de patients éligibles, matching basé sur règles simples, beaucoup de faux positifs.",NLP pour critères d'essais + ML pour matching patients + pipeline de données HIPAA-compliant.,,,,,,,true,,,,AI Startup Research,research@fikravalley.com,,entrepreneur,,,,,,,,,,,submitted,false,,,web,,,,"{""sdgTags"": [], ""sdgAutoTagged"": false, ""sdgConfidence"": {}, ""moroccoPriorities"": []}",true,
a0b93bd1-d477-4c06-bd3c-cc7ce247136c,2025-11-24 23:51:29.725232,2025-11-24 23:51:29.725232,AI Customer Support Agent for Banks/Fintechs - Support Client Automatisé,Les centres de support sont coûteux et lents. Pas de disponibilité 24/7 et temps d'attente longs.,"Chatbot IA entraîné sur FAQs financières, règles de conformité, et comptes utilisateurs. Support instantané et escalade vers humains si nécessaire.",finance,other,"Support humain uniquement, heures limitées, coûts élevés, temps d'attente.",GPT + RAG avec base de connaissances financière + intégrations sécurisées avec systèmes bancaires.,,,,,,,true,,,,AI Startup Research,research@fikravalley.com,,entrepreneur,,,,,,,,,,,submitted,false,,,web,,,,"{""sdgTags"": [], ""sdgAutoTagged"": false, ""sdgConfidence"": {}, ""moroccoPriorities"": []}",true,
aeba9b3d-1168-4c24-8694-2eb854f95d87,2025-11-24 23:39:37.959766,2025-11-24 23:39:37.959766,Personalized Treatment Advisor - Plans de Traitement Personnalisés,"Les plans de traitement sont souvent génériques, pas spécifiques au patient. Pas de combinaison optimale d'historique médical, données génétiques, et guidelines.","IA qui combine historique médical, données génétiques, et guidelines pour suggérer des chemins de traitement personnalisés. Aide les médecins à prendre des décisions éclairées.",health,other,"Plans de traitement standardisés, pas de personnalisation basée sur données génétiques, décisions basées sur expérience seule.",LLMs + intégrations EHR + bases de données génomiques pour recommandations personnalisées.,,,,,,,true,,,,AI Startup Research,research@fikravalley.com,,entrepreneur,,,,,,,,,,,submitted,false,,,web,,,,"{""sdgTags"": [], ""sdgAutoTagged"": false, ""sdgConfidence"": {}, ""moroccoPriorities"": []}",true,
b0940c07-f622-4ff2-9c0b-98401278ac1e,2025-11-24 23:51:29.725232,2025-11-24 23:51:29.725232,AI-Powered Trading Assistant - Assistant de Trading Intelligent,Les investisseurs particuliers manquent d'insights de niveau professionnel. Pas d'analyse de marché en temps réel et gestion de risque.,"IA qui scanne les marchés, suggère des trades, et gère les alertes de risque. Insights professionnels pour investisseurs particuliers.",finance,other,"Recherche manuelle, pas d'analyse de marché automatisée, gestion de risque manuelle.",APIs de données de marché + modèles ML pour détection de tendances + intégration plateformes de trading.,,,,,,,true,,,,AI Startup Research,research@fikravalley.com,,entrepreneur,,,,,,,,,,,submitted,false,,,web,,,,"{""sdgTags"": [], ""sdgAutoTagged"": false, ""sdgConfidence"": {}, ""moroccoPriorities"": []}",true,
bcab1e3f-262c-4012-896a-d8a4981089b8,2025-11-24 21:11:20.033446,2025-11-24 21:11:20.033446,Numérisation patrimoine marocain UNESCO,Il n'y a aucune solution digitale pour tous les artefacts traditionnels et l'héritage protégé par l'UNESCO au Maroc.,"Créer une application qui gère ces informations patrimoniales en employant des gens pour faire le contenu et la recherche, puis proposer des expériences aux touristes.",tech,other,,"Créer une application qui gère ces informations patrimoniales en employant des gens pour faire le contenu et la recherche, puis proposer des expériences aux touristes.",,,,,,,true,,,,Workshop Participant,,,entrepreneur,,,,,,,,,,,submitted,false,,,workshop_conversation,,,,"{""sdgTags"": [], ""sdgAutoTagged"": false, ""sdgConfidence"": {}, ""moroccoPriorities"": []}",true,
c038421d-6db7-4c82-8c42-e5ea2e7e15e3,2025-11-24 05:02:26.036724,2025-11-24 05:09:03.805,Touristes ne reviennent jamais,La plupart des 20 millions de touristes annuels au Maroc ne reviennent jamais.,Trouver une solution pour faire revenir au moins 3-4% de ces touristes chaque année.,customer_service,other,,Trouver une solution pour faire revenir au moins 3-4% de ces touristes chaque année.,,,,,high,hybrid_agent,true,,240,15000,Workshop Participant,,,entrepreneur,,8.0,"{""summary"": ""Cette initiative de fidélisation touristique présente un potentiel exceptionnel pour le Maroc. Avec 20 millions de visiteurs annuels, même un taux de retour de 3-4% générerait 600,000-800,000 touristes récurrents, représentant un impact économique de plusieurs milliards de dirhams. L'agent IA proposé permettrait une approche personnalisée et automatisée de la fidélisation, s'appuyant sur l'analyse comportementale et la richesse de l'offre touristique marocaine. Le défi principal réside dans l'orchestration des multiples acteurs et la centralisation des données, mais le ROI potentiel justifie largement l'investissement."", ""strengths"": [""Marché touristique marocain en croissance constante"", ""Impact économique direct significatif sur le PIB national"", ""Données touristiques disponibles via ONMT et hôtels partenaires"", ""Potentiel de personnalisation élevé grâce à la diversité de l'offre marocaine""], ""challenges"": [""Fragmentation des données entre différents acteurs (hôtels, agences, sites)"", ""Respect du RGPD et protection des données personnelles des touristes"", ""Coordination nécessaire entre secteur public et privé"", ""Barrières linguistiques et culturelles pour la personnalisation""], ""next_steps"": [""Audit des systèmes existants de collecte de données touristiques"", ""Partenariat avec ONMT pour accès aux données et validation du concept"", ""Étude pilote sur 2-3 destinations majeures (Marrakech, Casablanca, Agadir)"", ""Développement du MVP avec intégration progressive des acteurs privés""], ""scalability"": {""market_size"": ""20 millions de touristes annuels avec potentiel d'extension vers 26 millions d'ici 2030 selon la vision royale"", ""replicability"": ""high""}, ""generated_at"": ""2025-11-24T05:09:03.805Z"", ""impact_score"": 9, ""roi_analysis"": {""annual_roi"": 180, ""payback_period"": ""18-24 mois"", ""cost_saved_per_month"": 15000, ""time_saved_per_month"": 240, ""automation_percentage"": 75}, ""feasibility_score"": 8, ""agent_architecture"": {""actions"": [""segmentation_profil_touriste"", ""generation_offres_personnalisees"", ""envoi_communications_ciblees"", ""suivi_satisfaction"", ""recommandations_experiences""], ""triggers"": [""fin_sejour_touriste"", ""analyse_comportementale"", ""evenements_saisonniers"", ""feedback_negatif""], ""agent_name"": ""Agent de Fidélisation Touristique Intelligent"", ""agent_type"": ""hybrid"", ""tools_needed"": [""CRM_touristique"", ""analytics_comportementaux"", ""moteur_personnalisation"", ""plateforme_communication"", ""systeme_feedback""]}, ""automation_potential"": ""high"", ""digitization_roadmap"": {""phase_1_mvp"": ""Création d'une base de données centralisée des touristes avec système de suivi basique et campagnes email automatisées post-séjour"", ""phase_2_automation"": ""Intégration IA pour analyse comportementale, segmentation automatique et personnalisation des offres selon les préférences détectées"", ""phase_3_full_agent"": ""Agent intelligent complet avec prédiction des intentions de retour, orchestration multi-canal et optimisation continue des stratégies de fidélisation""}, ""technical_feasibility"": {""complexity"": ""moderate"", ""estimated_cost"": ""150,000 - 300,000 EUR"", ""estimated_dev_time"": ""8-12 mois""}}",customer_service,"150,000 - 300,000 EUR",9.0,2025-11-24 05:09:03.805,,,,analyzed,false,,,workshop_conversation,,,,"{""sdgTags"": [], ""sdgAutoTagged"": false, ""sdgConfidence"": {}, ""moroccoPriorities"": []}",true,
c6429fcb-4960-4afd-9274-903ca3eb7470,2025-11-24 23:39:37.959766,2025-11-24 23:39:37.959766,AI Drug Discovery Platform - Accélération de la Découverte de Médicaments,Développer de nouveaux médicaments prend des années et coûte des milliards. Le screening de molécules est long et coûteux.,"IA qui screen les molécules, prédit les interactions, et réduit les candidats plus rapidement. Accélère la phase de découverte de 10x.",health,other,"Screening manuel de milliers de molécules, tests en laboratoire coûteux, processus itératif long.",Deep learning models + simulation moléculaire + cloud compute pour screening virtuel à grande échelle.,,,,,,,true,,,,AI Startup Research,research@fikravalley.com,,entrepreneur,,,,,,,,,,,submitted,false,,,web,,,,"{""sdgTags"": [], ""sdgAutoTagged"": false, ""sdgConfidence"": {}, ""moroccoPriorities"": []}",true,
c696d37f-d08d-48f2-a513-29fe426c087f,2025-11-24 17:42:32.314817,2025-11-24 17:42:32.314817,Nettoyage des rues défaillant,"Il manque énormément d'infrastructures pour le nettoyage des rues au Maroc, surtout dans les villes touristiques comme Fez.",Trouver une façon digitale pour résoudre ce problème de nettoyage.,infrastructure,other,,Trouver une façon digitale pour résoudre ce problème de nettoyage.,,,,,,,true,,,,Workshop Participant,,,entrepreneur,,,,,,,,,,,submitted,false,,,workshop_conversation,,,,"{""sdgTags"": [], ""sdgAutoTagged"": false, ""sdgConfidence"": {}, ""moroccoPriorities"": []}",true,
c9832cdc-ff76-480b-abf7-34340f2da3cc,2025-11-24 23:39:37.959766,2025-11-24 23:39:37.959766,Email Inbox Copilot - Gestion Intelligente des Emails,"Les boîtes de réception débordent et drainent la productivité. Les professionnels passent 2-3 heures par jour à trier et répondre aux emails, avec beaucoup de bruit et peu de signal.","IA qui priorise les emails, rédige des réponses, et route automatiquement vers les bons dossiers. Apprend des patterns de l'utilisateur pour améliorer la pertinence.",tech,other,"Tri manuel des emails, rédaction manuelle de réponses, organisation manuelle en dossiers.","NLP pour comprendre le contexte, génération de réponses personnalisées, classification automatique par priorité/urgence.",,,,,,,true,,,,AI Startup Research,research@fikravalley.com,,entrepreneur,,,,,,,,,,,submitted,false,,,web,,,,"{""sdgTags"": [], ""sdgAutoTagged"": false, ""sdgConfidence"": {}, ""moroccoPriorities"": []}",true,
c9e5b2a3-0f07-4447-88e8-d90b1deb8892,2025-11-24 23:51:29.725232,2025-11-24 23:51:29.725232,AI Knowledge Base Updater - Documentation Auto-Mise à Jour,"Les bases de connaissances d'entreprise (Confluence, SharePoint) sont obsolètes. Les processus changent mais la documentation ne suit pas, créant de la confusion et des erreurs.","IA qui met à jour automatiquement la documentation, FAQs, et SOPs quand les processus changent. Détecte les changements dans les workflows et suggère des mises à jour.",tech,other,"Mise à jour manuelle de la documentation, souvent oubliée ou retardée, créant des incohérences.","GPT pour comprendre les changements, version control pour tracking, APIs des bases de connaissances pour mise à jour automatique.",,,,,,,true,,,,AI Startup Research,research@fikravalley.com,,entrepreneur,,,,,,,,,,,submitted,false,,,web,,,,"{""sdgTags"": [], ""sdgAutoTagged"": false, ""sdgConfidence"": {}, ""moroccoPriorities"": []}",true,
cc2f74b0-e9a3-4182-91c5-89e66d355d5e,2025-11-24 03:58:23.185826,2025-11-24 03:58:23.185826,Low tourism return rate,"Morocco receives 20m visitors but they don't return after their first visits, missing opportunities for sustained and predictable economic tourism output compared to France, Spain and Portugal who have 20% return rate.",,other,other,,,,,,,,,true,,,,Tourism entrepreneur,test@example.com,+212612345678,entrepreneur,,,,,,,,,,,submitted,false,,,workshop_conversation,,,,"{""sdgTags"": [], ""sdgAutoTagged"": false, ""sdgConfidence"": {}, ""moroccoPriorities"": []}",true,
cce7dc3c-986b-47a8-8922-6c8bae1996d7,2025-11-24 23:51:29.725232,2025-11-24 23:51:29.725232,AI Fraud Detection System - Détection de Fraude en Temps Réel,La fraude coûte des milliards aux institutions financières chaque année. Détection manuelle lente et inefficace.,"Modèles IA qui surveillent les transactions en temps réel, signalent les anomalies et activités frauduleuses. Alertes instantanées et blocage automatique.",finance,other,"Détection manuelle basée sur règles, réaction lente, beaucoup de faux positifs.",ML de détection d'anomalies + traitement de flux en temps réel + intégration APIs bancaires.,,,,,,,true,,,,AI Startup Research,research@fikravalley.com,,entrepreneur,,,,,,,,,,,submitted,false,,,web,,,,"{""sdgTags"": [], ""sdgAutoTagged"": false, ""sdgConfidence"": {}, ""moroccoPriorities"": []}",true,
d6f50608-7ace-4049-9b4a-92302e7cf28f,2025-11-24 23:39:37.959766,2025-11-24 23:39:37.959766,AI for Insurance Claims - Détection de Fraude et Accélération,Les réclamations frauduleuses et la paperasse ralentissent les compagnies d'assurance. Processus manuel long et coûteux pour vérifier chaque réclamation.,"IA qui examine les réclamations, détecte les anomalies, et accélère les approbations. Réduit la fraude et améliore l'expérience client.",finance,other,"Examen manuel de chaque réclamation, détection de fraude basée sur règles, processus lent.",NLP pour analyse de réclamations + modèles ML de détection d'anomalies + intégrations APIs assureurs.,,,,,,,true,,,,AI Startup Research,research@fikravalley.com,,entrepreneur,,,,,,,,,,,submitted,false,,,web,,,,"{""sdgTags"": [], ""sdgAutoTagged"": false, ""sdgConfidence"": {}, ""moroccoPriorities"": []}",true,
daeb7d70-b2d7-4a9a-a007-ab97d9dc37c6,2025-11-24 23:39:37.959766,2025-11-24 23:39:37.959766,Wearable Health Data Monitor - Insights Actionnables des Données,"Les wearables collectent des tonnes de données de santé mais peu d'insights. Les utilisateurs ne savent pas quoi faire avec leurs données de fréquence cardiaque, sommeil, glucose.","Dashboard IA qui interprète fréquence cardiaque, sommeil, glucose, et activité en recommandations de santé actionnables. Prédictions et alertes personnalisées.",health,other,"Données brutes non interprétées, pas de recommandations, utilisateur doit analyser manuellement.","APIs wearables (Fitbit, Apple Health, Dexcom) + modèles prédictifs analytics pour insights personnalisés.",,,,,,,true,,,,AI Startup Research,research@fikravalley.com,,entrepreneur,,,,,,,,,,,submitted,false,,,web,,,,"{""sdgTags"": [], ""sdgAutoTagged"": false, ""sdgConfidence"": {}, ""moroccoPriorities"": []}",true,
de011c3a-4b00-4dc8-8fd8-032886039222,2025-11-24 23:51:29.725232,2025-11-24 23:51:29.725232,AI Flashcard & Revision Generator - Générateur de Flashcards et Révision IA,Les étudiants perdent du temps à créer des flashcards manuellement. Pas d'optimisation de la révision basée sur la science de l'apprentissage.,"IA qui transforme manuels, notes, et PDFs en flashcards intelligentes. Révision optimisée avec répétition espacée.",education,other,"Création manuelle de flashcards, pas d'optimisation, révision non structurée.",OCR + GPT + algorithme de répétition espacée + génération automatique de questions.,,,,,,,true,,,,AI Startup Research,research@fikravalley.com,,entrepreneur,,,,,,,,,,,submitted,false,,,web,,,,"{""sdgTags"": [], ""sdgAutoTagged"": false, ""sdgConfidence"": {}, ""moroccoPriorities"": []}",true,
df9cae5e-6578-437d-8c42-e2933ae0ad67,2025-11-24 23:51:29.725232,2025-11-24 23:51:29.725232,AI Personal Finance Copilot - Gestion Financière Personnelle Intelligente,"Les individus ont du mal à budgétiser, épargner et gérer leur dette. Pas de conseils personnalisés accessibles.","App IA qui suit les dépenses, suggère des budgets, et fournit des recommandations d'épargne/investissement. Coaching financier personnalisé 24/7.",finance,other,"Suivi manuel sur Excel, pas de conseils, difficulté à comprendre les finances personnelles.",Intégrations APIs bancaires (Plaid) + GPT pour conseiller + app mobile native.,,,,,,,true,,,,AI Startup Research,research@fikravalley.com,,entrepreneur,,,,,,,,,,,submitted,false,,,web,,,,"{""sdgTags"": [], ""sdgAutoTagged"": false, ""sdgConfidence"": {}, ""moroccoPriorities"": []}",true,
e233135f-3f71-40e0-8494-0f165816ce86,2025-11-24 23:51:29.725232,2025-11-24 23:51:29.725232,AI Sales Email Generator - Emails Personnalisés Automatiques,Les commerciaux perdent du temps à rédiger des emails de prospection et de relance. Chaque email doit être personnalisé mais le processus est répétitif et chronophage.,Outil IA qui rédige des emails personnalisés basés sur les données du prospect. Intégration LinkedIn/Gmail pour enrichir automatiquement les profils et générer des messages pertinents.,tech,other,"Recherche manuelle sur LinkedIn, rédaction manuelle d'emails personnalisés, suivi manuel des relances.","GPT fine-tuné pour le sales, intégrations LinkedIn/Gmail APIs, templates adaptatifs basés sur le profil du prospect.",,,,,,,true,,,,AI Startup Research,research@fikravalley.com,,entrepreneur,,,,,,,,,,,submitted,false,,,web,,,,"{""sdgTags"": [], ""sdgAutoTagged"": false, ""sdgConfidence"": {}, ""moroccoPriorities"": []}",true,
e4e8b7cc-219f-4bb4-84a7-9a50f248f3ad,2025-11-24 23:51:29.725232,2025-11-24 23:51:29.725232,AI Business Intelligence Dashboard - Tableaux de Bord Intelligents pour PME,"Les PME manquent d'insights en temps réel sur leur performance. Pas de vue consolidée des ventes, dépenses, RH, et opérations.","IA qui connecte les données de ventes, dépenses, RH, et opérations pour générer des rapports intelligents. Insights actionnables en langage naturel.",finance,other,"Rapports manuels sur Excel, pas de vue consolidée, analyses ponctuelles.",GPT pour Q&A en langage naturel + intégration entrepôt de données + visualisations automatiques.,,,,,,,true,,,,AI Startup Research,research@fikravalley.com,,entrepreneur,,,,,,,,,,,submitted,false,,,web,,,,"{""sdgTags"": [], ""sdgAutoTagged"": false, ""sdgConfidence"": {}, ""moroccoPriorities"": []}",true,
e5c2f3b6-275c-40d7-9c51-cbb283d34150,2025-11-24 06:36:55.754036,2025-11-24 06:36:55.754036,Exploitation des productrices d'argan,Les femmes qui produisent l'huile d'argan dans les montagnes gagnent seulement 2 ou 3 dirhams par kilo et sont exploitées malgré leur tradition séculaire.,Utiliser les technologies pour améliorer leurs conditions de production tout en préservant la tradition et améliorer leurs moyens de vie.,agriculture,other,,Utiliser les technologies pour améliorer leurs conditions de production tout en préservant la tradition et améliorer leurs moyens de vie.,,,,,,,true,,,,Workshop Participant,,,entrepreneur,,,,,,,,,,,submitted,false,,,workshop_conversation,,,,"{""sdgTags"": [], ""sdgAutoTagged"": false, ""sdgConfidence"": {}, ""moroccoPriorities"": []}",true,
e7724a61-7221-4eab-8c20-04e7de2bf887,2025-11-24 23:39:37.959766,2025-11-24 23:39:37.959766,AI Knowledge Base Updater - Documentation Auto-Mise à Jour,"Les bases de connaissances d'entreprise (Confluence, SharePoint) sont obsolètes. Les processus changent mais la documentation ne suit pas, créant de la confusion et des erreurs.","IA qui met à jour automatiquement la documentation, FAQs, et SOPs quand les processus changent. Détecte les changements dans les workflows et suggère des mises à jour.",tech,other,"Mise à jour manuelle de la documentation, souvent oubliée ou retardée, créant des incohérences.","GPT pour comprendre les changements, version control pour tracking, APIs des bases de connaissances pour mise à jour automatique.",,,,,,,true,,,,AI Startup Research,research@fikravalley.com,,entrepreneur,,,,,,,,,,,submitted,false,,,web,,,,"{""sdgTags"": [], ""sdgAutoTagged"": false, ""sdgConfidence"": {}, ""moroccoPriorities"": []}",true,
e9afef05-c6dd-49aa-af2a-2017b5dd5c0a,2025-11-24 23:39:37.959766,2025-11-24 23:39:37.959766,AI Symptom Checker - Diagnostic Préliminaire Intelligent,"Les patients se diagnostiquent mal sur Google, créant de l'anxiété et des consultations inutiles. Pas d'outil fiable pour évaluer les symptômes avant de consulter.",Chatbot IA qui évalue les symptômes et fournit des conditions possibles avec conseils de triage. Escalade vers télémédecine si nécessaire.,health,other,"Recherche Google non fiable, auto-diagnostic erroné, consultations inutiles ou retardées.",Medical LLMs fine-tunés + app mobile sécurisée + hosting HIPAA-compliant + intégrations télémédecine.,,,,,,,true,,,,AI Startup Research,research@fikravalley.com,,entrepreneur,,,,,,,,,,,submitted,false,,,web,,,,"{""sdgTags"": [], ""sdgAutoTagged"": false, ""sdgConfidence"": {}, ""moroccoPriorities"": []}",true,
ef51ef4e-3a4c-4446-bf73-29e3bf182796,2025-11-24 23:51:29.725232,2025-11-24 23:51:29.725232,AI Meeting Assistant - Transcription et Suivi Automatique,Les professionnels perdent des heures à prendre des notes pendant les réunions et à faire le suivi des actions. Les réunions Zoom/Teams génèrent beaucoup de contenu mais peu de valeur actionnable.,"Un assistant IA qui rejoint les appels, enregistre, transcrit, résume automatiquement et génère des listes de tâches. Intégration avec Slack/Notion pour créer automatiquement des tickets et rappels.",tech,other,"Les participants prennent des notes manuellement, oublient des détails, et doivent faire le suivi manuellement après la réunion.","Utilisation de l'API OpenAI pour transcription + résumé, SDK Zoom/Teams pour intégration, et APIs Slack/Notion pour automatisation des actions.",,,,,,,true,,,,AI Startup Research,research@fikravalley.com,,entrepreneur,,,,,,,,,,,submitted,false,,,web,,,,"{""sdgTags"": [], ""sdgAutoTagged"": false, ""sdgConfidence"": {}, ""moroccoPriorities"": []}",true,
ef5b1a9f-2624-4550-97a9-350499ba3c95,2025-11-24 17:59:47.502972,2025-11-24 17:59:47.502972,Gestion digitale des déchets,"Il y a énormément de problèmes avec la collection de garbage au Maroc, surtout dans les villes touristiques comme Marrakech et Fès où l'accumulation de garbage est difficile à gérer.",Résoudre ce problème d'une façon digitale en trouvant une façon pour faire des incentives et donner des loyalties aux gens pour qu'ils participent au nettoyage.,infrastructure,other,,Résoudre ce problème d'une façon digitale en trouvant une façon pour faire des incentives et donner des loyalties aux gens pour qu'ils participent au nettoyage.,,,,,,,true,,,,Workshop Participant,,,entrepreneur,,,,,,,,,,,submitted,false,,,workshop_conversation,,,,"{""sdgTags"": [], ""sdgAutoTagged"": false, ""sdgConfidence"": {}, ""moroccoPriorities"": []}",true,
f1514dd4-a3a3-495c-adb5-91523dab72a8,2025-11-24 23:51:29.725232,2025-11-24 23:51:29.725232,Adaptive Test Prep Platform - Plateforme de Préparation aux Examens Adaptative,Les étudiants bachotent pour les examens mais ne savent pas sur quoi se concentrer. Pas de personnalisation de la préparation.,IA qui analyse la performance et adapte les questions de pratique aux faiblesses. Préparation ciblée et efficace.,education,other,"Bachotage général, pas de focus sur faiblesses, pas de suivi de progression.",ML pour suivi de performance + GPT pour génération de questions + algorithmes adaptatifs.,,,,,,,true,,,,AI Startup Research,research@fikravalley.com,,entrepreneur,,,,,,,,,,,submitted,false,,,web,,,,"{""sdgTags"": [], ""sdgAutoTagged"": false, ""sdgConfidence"": {}, ""moroccoPriorities"": []}",true,
f35bed2d-59a9-428a-bba7-8ccfee6209d1,2025-11-24 23:51:29.725232,2025-11-24 23:51:29.725232,Wearable Health Data Monitor - Insights Actionnables des Données,"Les wearables collectent des tonnes de données de santé mais peu d'insights. Les utilisateurs ne savent pas quoi faire avec leurs données de fréquence cardiaque, sommeil, glucose.","Dashboard IA qui interprète fréquence cardiaque, sommeil, glucose, et activité en recommandations de santé actionnables. Prédictions et alertes personnalisées.",health,other,"Données brutes non interprétées, pas de recommandations, utilisateur doit analyser manuellement.","APIs wearables (Fitbit, Apple Health, Dexcom) + modèles prédictifs analytics pour insights personnalisés.",,,,,,,true,,,,AI Startup Research,research@fikravalley.com,,entrepreneur,,,,,,,,,,,submitted,false,,,web,,,,"{""sdgTags"": [], ""sdgAutoTagged"": false, ""sdgConfidence"": {}, ""moroccoPriorities"": []}",true,
fc13dc89-e995-4cb0-b85c-7150da13ed9f,2025-11-24 23:51:29.725232,2025-11-24 23:51:29.725232,Essay Feedback & Writing Coach - Coach d'Écriture IA,"Les étudiants reçoivent rarement des retours détaillés sur leur écriture. Pas de feedback immédiat sur grammaire, clarté, et logique.","IA qui note les essais, suggère des améliorations, et met en évidence grammaire, clarté, et logique. Feedback instantané et constructif.",education,other,"Correction manuelle par enseignants, feedback limité, délais longs.",NLP pour grammaire/structure + GPT pour génération de feedback + analyse de style.,,,,,,,true,,,,AI Startup Research,research@fikravalley.com,,entrepreneur,,,,,,,,,,,submitted,false,,,web,,,,"{""sdgTags"": [], ""sdgAutoTagged"": false, ""sdgConfidence"": {}, ""moroccoPriorities"": []}",true,